Latitude,Longitude
32.86968633222764,-85.35145927740801
32.93879692172547,-85.40303371253025
32.89740341993835,-85.3786279611582
32.2202378627162,-86.20449602261924
32.244133391998034,-86.24188789175602
32.232170408663215,-86.16791220238153
32.21699257310912,-86.22846466652658
32.1598030339789,-86.21967314011988
32.203568700995184,-86.23783937347027
32.27529230751285,-86.12210241282821
32.30990950561341,-86.27106108904981
32.23570888662054,-86.24745245257776
32.260258043372126,-86.19441978625903
32.184035747895564,-86.13151547634754
32.25224282113438,-86.09831036672873
32.20017019525436,-86.251372793849
32.18343003895842,-86.26374723632526
32.1691324558445,-86.22119251179612
32.21576674940636,-86.1532872024593
32.24025617468585,-86.2591234974504
32.17403910455116,-86.1508376391186
32.2224836127583,-86.18601437278326
32.232538828040155,-86.18452507883865
32.34072757936092,-86.22203673904856
32.202105422236194,-86.18176568785633
34.59428750241165,-93.57486558997796
30.28516190312903,-84.84615894614161
32.71267283484775,-84.9477369246618
32.77686748488775,-84.93857204457686
32.67829623794776,-84.86179013557654
31.83696668529874,-81.42204195594411
31.912247895919922,-81.47400324529626
31.870530119128073,-81.52931553152851
31.8652690897878,-81.40540259343334
31.788625789164254,-81.4615109097925
31.809701830847104,-81.48460278698568
32.01140534053623,-82.59285421070574
39.230818075831706,-89.45132380047747
39.233030584198225,-89.49145194238314
39.17062057326385,-89.46237669151387
40.05836531517076,-86.94509838058359
40.07738458798319,-86.93933881451052
40.006380720016935,-86.96461589761302
40.13221478825782,-86.88833954096107
41.096896290855,-95.14447722128841
37.17337472531159,-95.67973535806739
37.2470156854039,-95.67227775189603
37.19738892485573,-95.70668906853439
38.05076798434683,-83.90540232760922
37.97079823711976,-83.9159180003005
38.05577355265101,-83.92068573274794
39.150212287318475,-77.25004161586023
39.09241265136259,-77.17693337577262
39.02878234153172,-77.13255367558777
39.13745211654196,-77.16635067502887
39.058872427385374,-77.13814830987697
39.0966483219982,-77.23359522352747
39.186445412970954,-77.17254324750573
39.093107921965746,-77.13203325239198
39.08960119151267,-77.23084693425807
39.06091653907743,-77.17821058640949
39.15057954884492,-77.16348078538753
39.099651415483535,-77.19074162319309
39.16446280466013,-77.10161924184355
39.077937183291226,-77.11834267925143
39.189907173270775,-77.21537593650989
39.1060545879437,-77.18796664672432
39.07708380573763,-77.2156068292313
39.12460170072774,-77.24114783916018
39.17471164689971,-77.19587660585107
39.11553682574048,-77.08325946540367
39.149554032007366,-77.36249856252931
39.027056196411,-77.13915949861212
39.13704296859216,-77.23356261298997
39.147880306700586,-77.24630795886118
39.2141386129246,-77.2118591977955
39.12729018438241,-77.18480731502329
39.16479050959046,-77.1651222392207
39.1993000336222,-77.17306124593608
39.11064703293456,-77.24697286378746
39.230164584011696,-77.29676660503749
39.1098009754392,-77.17544161245694
39.05210783677661,-77.14075757005101
39.106098831290424,-77.23499542303728
39.070342827118886,-77.1395054664755
39.08639006256871,-77.26937246483229
39.108436816154764,-77.21223241243045
39.25312346263225,-77.22171482898176
39.12395533851243,-77.15182132059239
39.06263828358363,-77.18740709423075
39.115832067059536,-77.25593569308325
39.11881510546022,-77.11202521577779
39.20724230670642,-77.25203076577816
39.034225891528976,-77.17133808746864
39.059271962831325,-77.12376376956078
39.20691904784441,-77.14698373896312
39.08050954760977,-77.17070683616477
39.22130718566277,-77.30723605713312
39.08359303910193,-77.13077113172172
39.08881666989478,-77.07814071849552
39.11683437282989,-77.12985804091781
39.22505515516405,-77.2625320173414
39.20626639269285,-77.19878544269005
39.198250280731,-77.2883308355996
39.21353086732527,-77.22824414476773
39.154925352036564,-77.24002755019248
39.18721691192399,-77.16301547854246
39.0996705374484,-77.25176887768939
39.086594684773445,-77.20832102086018
39.07117450920332,-77.1809927238854
39.144614866063364,-77.21642610153368
38.96370219670472,-77.17437983721513
39.12185403562423,-77.2477385320973
39.13491564035039,-77.16224159505458
39.03546096141355,-77.22258553659955
39.10780959424737,-77.35560740295347
39.18664664527621,-77.24166970072032
39.07203187326339,-77.16909769685576
39.172657070163574,-77.12112491786269
39.23273570551463,-77.19181998129066
39.14201915193984,-77.23580516460723
39.11890640727689,-77.18228958740275
39.15938961862032,-77.24493693366307
39.145011731073225,-77.1703821295278
39.19838503585922,-77.11171988541939
39.04967100303703,-77.22176316321357
39.15052740091076,-77.17639093441322
39.11752730948564,-77.13681307064655
39.2270920872004,-77.15029306277664
39.14340383619788,-77.25127513936648
39.190835941901625,-77.19915333559075
39.14022133571486,-77.25105935944867
39.09714868135749,-77.24006293781454
39.172870635638276,-77.26612709110073
39.206002002993095,-77.2581759464974
39.120974164495266,-77.22787440675395
39.17735647098701,-77.15935686069803
39.10608631915996,-77.18806443204055
39.164633818970756,-77.2077679406093
39.129746772549936,-77.24595401764363
39.05330132304482,-77.28004078978078
39.1643556841994,-77.11349055391032
39.053015337985805,-77.16902757899204
39.17510441541939,-77.19939245838812
39.08443043385353,-77.18018929592961
33.49657878726289,-89.61280952566581
38.88881228164161,-91.4576756319977
42.9988440798449,-74.49157597432219
42.915458917204404,-74.40204839955466
42.84178801058655,-74.39828019516702
42.94719956251819,-74.54439696754099
42.9456520397059,-74.43740894127286
35.24600425458676,-79.9732456482796
35.37782445308835,-79.82477527692623
39.80313771749903,-84.28732111253841
39.83923498809259,-84.24561770163109
39.766389787385855,-84.32011979167714
39.730367331388194,-84.24849443239724
39.749520264414926,-84.27218944040504
39.777481586814794,-84.25501000209576
39.68878781797542,-84.32864498346584
39.824840083960325,-84.24244849866437
39.79679833232533,-84.22998252680073
39.76328744857957,-84.18442651065354
39.76124416289457,-84.23222505757413
39.741392138284866,-84.35115631376054
39.74418469145786,-84.27405530477725
39.7597677208748,-84.26652579436768
39.779871285384715,-84.24314439360644
39.705980553917335,-84.37142314114368
39.8174064521004,-84.39165669721316
39.66793376369692,-84.25439057665247
39.727366039111715,-84.34234301988121
39.72644906467242,-84.2669181588794
39.80123965414492,-84.23710409071626
39.78644152157078,-84.27497166546192
39.7794367370336,-84.21385819101492
39.70653336467888,-84.29318842158068
39.72997232230615,-84.23061043246575
39.84114231343836,-84.37841626271668
39.69218459436249,-84.28793783770864
39.7094836960883,-84.31951773030178
39.87518632910633,-84.30647528596073
39.82166829587792,-84.33523866490403
39.7416551968744,-84.28729297403774
39.76615644006554,-84.2642966694875
39.81230906242866,-84.34104678498201
39.72538743689713,-84.38455451671125
39.79078051143308,-84.2511681895625
39.79881955723714,-84.32630737251259
39.713238999054546,-84.27980718313954
39.68899433329918,-84.35249022933667
39.70993165074128,-84.24443349334442
39.68354770662028,-84.22922578043874
39.78817711256433,-84.35482704206035
39.692874890508655,-84.22747871930406
39.874951038818885,-84.34663727441466
39.77925638906965,-84.34270383620715
39.756215291703505,-84.25091129632004
39.76777600000336,-84.3399502816201
39.7198532372343,-84.25768623054229
39.778758890215826,-84.32943244231338
39.70909379288435,-84.26411388777079
39.654965837448,-84.34037764095847
40.25580754602463,-75.48087633032172
40.1371379747475,-75.31688645809105
40.20664783081557,-75.36480140007806
40.36352710825064,-75.40924428626964
40.11496845585442,-75.26999365752829
40.16573191824044,-75.32939584182141
40.18033166763599,-75.44068483104853
40.277404642195876,-75.37015834129636
40.243859084473165,-75.34631402892262
40.26605522823586,-75.364368178286
40.25792487402555,-75.38530491650529
40.18663436823166,-75.34947745047305
40.2503393763569,-75.42812585750494
40.22388146459205,-75.32768986721393
40.201996216755596,-75.3485237535769
40.207325090997365,-75.35719011151829
40.34960667018847,-75.42172691087923
40.16216308182476,-75.33247947643093
40.22384793388321,-75.34931256909978
40.158431800668396,-75.22209099868542
40.24887250340243,-75.38830500320412
40.123708222051135,-75.43270429772362
40.208014813127186,-75.39748011154354
40.13737093873745,-75.30510412161276
40.212020229984056,-75.25076969357534
40.13452981411191,-75.41245310880198
40.296046717003414,-75.39268514590366
40.0844887998454,-75.34608660145483
40.268523975935004,-75.40458908161774
40.12843367332616,-75.32225797346055
40.18598598675519,-75.36450844815317
40.187037779688005,-75.31828838477311
40.26127418336547,-75.37262213733344
40.21262012359092,-75.27290297858909
40.20109327973872,-75.38166680262485
40.13981104249553,-75.41435288859257
40.215442328718936,-75.3489340420212
40.234951394107995,-75.37084019011715
40.21054527662904,-75.28792058706846
40.197103284806964,-75.44524463517355
40.21581840721143,-75.49591299542368
40.29547889136574,-75.33082042213029
40.23507729231884,-75.35780008940124
40.28919759762689,-75.33851469593989
40.190816453166306,-75.36997333583078
40.20680671140449,-75.39932384051207
40.14281866136354,-75.44141098682788
40.16306715425655,-75.4095607757358
40.16295726570855,-75.31098804177584
40.17739226754769,-75.45056603305653
40.17747037544906,-75.32336432005982
40.124334275825106,-75.36691312452223
40.224774370701546,-75.33830560352828
40.22819090071692,-75.46599458682161
40.2284068761835,-75.38628927242533
40.2666613801943,-75.34747137024986
40.21283978912588,-75.38212946123942
40.24049719381244,-75.30940308388298
40.25357555618651,-75.38123745908702
40.243317534786875,-75.41303798348574
40.122073586227714,-75.35541263386493
40.28532698768958,-75.35519040205087
40.2078469619555,-75.46820181386337
40.28517081490118,-75.29671073565525
40.2500554417671,-75.34867123686055
40.15698343724983,-75.31805008698466
40.19146066758343,-75.40516049106753
40.29274072699786,-75.30807784657136
40.27087135788788,-75.36967376631658
40.23745027930207,-75.43462209803089
40.18517435795727,-75.34867458553931
40.20286269340744,-75.3883272732916
40.2053521050023,-75.45331454365667
40.282651409456044,-75.37488192950471
40.269612087486934,-75.37498383790991
40.19680308403957,-75.34032372374752
40.21954637392361,-75.44656962252016
40.231662276035216,-75.43099551783806
40.247237951113604,-75.36237087797059
40.12007880198769,-75.32270751142148
36.558098257576184,-87.37780421595242
36.48821862711479,-87.35591858337986
36.51432304408874,-87.36509130598432
36.49197996194136,-87.37583785771477
36.52430070076044,-87.3772037196544
36.50354274581458,-87.45397045649007
36.45054187118826,-87.32966290027865
36.44145339212725,-87.28233426081565
36.50629634324749,-87.44767986820197
36.41275961044416,-87.45494748295727
36.39449560907899,-87.43550156215778
36.512240596347695,-87.37294853626912
36.54372775496496,-87.33851321586796
36.47021225544763,-87.41237109739184
36.45761483825506,-87.45021047856424
36.50598901587221,-87.40769673390412
36.46280766203406,-87.41588466726766
36.46185789711026,-87.38588738115213
36.45569141199777,-87.40995466572235
36.442539757855286,-87.36592271834488
29.905600784964157,-96.27795862365687
29.934528929173663,-96.24740137014244
29.90967128483529,-96.27046312839063
29.202563746913565,-95.40475363217135
29.166042980055366,-95.37557112333738
29.277163955066282,-95.4277837976543
29.22595266948575,-95.33661190476614
29.12827376949065,-95.47782178978485
29.160980585575487,-95.38635392641444
29.188468066815997,-95.52731759438902
29.140072880563977,-95.42904264634728
29.183337467585837,-95.32756592147881
29.205243563453973,-95.4367933688749
29.297891051702628,-95.37946880818394
29.225646749146783,-95.46865426098692
29.230794901775123,-95.52026860807469
29.21823675912461,-95.49309026229515
29.20213930138207,-95.39873165885705
29.300343199218794,-95.40972036806647
29.160358054613358,-95.48901785575566
29.15329466157664,-95.44659410003186
29.056338876516335,-95.46002482466928
29.202613292371375,-95.45229061988258
29.139385573181965,-95.45050471543946
29.286752455010618,-95.40315827177675
29.2209129681324,-95.48597082367438
29.2186047943361,-95.50179124043188
29.10395733486677,-95.42363272274108
29.24439484072735,-95.42906085211493
29.208084564836533,-95.45153336633423
29.13239218451596,-95.4122841697997
29.17181320788549,-95.41649996652728
29.174073897570793,-95.39707304460175
29.14758277829205,-95.49000523670047
29.18080796105598,-95.41130145421035
29.6560445271509,-94.59541621444274
29.74919451049746,-94.6703468600159
29.71076755452425,-94.55183609571172
29.766917598486952,-94.57345560373382
29.45238813472733,-95.77964321467778
29.557910652897505,-95.75724707066384
29.538591516542233,-95.81099939500885
29.629330087737095,-95.77675875116408
29.4416757666685,-95.89269027083515
29.564683579192934,-95.67086925484459
29.55681833199077,-95.84393770790153
29.46333201094189,-95.83157621706242
29.50369550431761,-95.77011437665517
29.566404097538303,-95.71695861731953
29.487175847500524,-95.7361088399823
29.640561668725802,-95.8494026872541
29.46398527438888,-95.80780990626238
29.543907024382175,-95.79605854230451
29.615263728333098,-95.78600505676377
29.577685690375905,-95.80620171315837
29.494695338113456,-95.81152720417022
29.55460960973735,-95.72415442348702
29.48583561023175,-95.75727444607524
29.594319754638818,-95.72437398584813
29.55265844126509,-95.75774930664558
29.57796880375478,-95.85138908654721
29.43584235117002,-95.82485008635231
29.612931094791147,-95.81504210951572
29.516943676868756,-95.72675641189483
29.537322778560014,-95.7470895770519
29.54982187311394,-95.71805042265764
29.541668810606154,-95.82058909166398
29.570220354955786,-95.7149929261717
29.560516609004928,-95.75337376551896
29.502469726574073,-95.78738231097705
29.52849530906678,-95.76910050672303
29.460551838162065,-95.83331290978116
29.48904809307517,-95.75548025318213
29.541684092620617,-95.77729898558161
29.5258866878806,-95.75385930888014
29.53353911501909,-95.72336041567176
29.56595377612848,-95.77148506895541
29.517805405480786,-95.8394884555871
29.517028209410178,-95.71253955481579
29.468084577212178,-95.82863704523454
29.563687089020146,-95.7370486852029
29.583225492514188,-95.81260989108486
29.508708660418268,-95.82056874493796
29.536080969199414,-95.79668857913545
29.529822797985595,-95.81599216449334
29.509971448575534,-95.82816370807174
29.483933723721808,-95.79074990341192
29.46487730355139,-95.79522315786701
29.5878509408886,-95.87991675356805
29.55841773120447,-95.67460508899649
29.553058731109903,-95.71102987308142
29.51949992760902,-95.82594326947527
29.586940621917325,-95.73635732043047
29.540101727522067,-95.73111723433148
29.581937042607905,-95.70677368026509
29.500300571277688,-95.7883895090733
29.54548651765919,-95.6675873574916
29.599186346382012,-95.7377977199295
29.55434672508946,-95.76800322671302
29.469467245590458,-95.8183775977393
29.439893756635506,-95.72906670037916
29.51306326116304,-95.80350598150183
29.524915897565435,-95.8436038826895
29.53622612908502,-95.77141801981323
29.55444262688643,-95.8002796410068
29.45413417038359,-95.76838189203126
29.507908709065955,-95.70983742628374
29.635135406961204,-95.74620264425329
29.537573528061404,-95.86913223644387
29.536021087104515,-95.80023574259683
29.462241522810658,-95.81204757279062
29.474377189838027,-94.95432807580478
29.418703122725347,-95.0311309278768
29.329959498832594,-94.94051576874266
29.40835688735566,-94.97027686623676
29.476368718816683,-95.03281070285435
29.38757070842524,-94.90022919263197
29.368761063567508,-95.02180779258121
29.360913942760245,-94.97926602408852
29.391982279374783,-94.92509734268774
29.380415929539165,-94.93022584297402
29.404770335913835,-95.01432767414228
29.378761221517582,-94.86821769496088
29.41158304874124,-94.96161834993859
29.450682741178564,-95.03936979403298
29.367401496064005,-94.93998879528205
29.339131603328667,-94.98220006051291
29.470341404436564,-94.94356415926003
29.380165541886164,-94.85998906989703
29.344043963384188,-94.84703768336863
29.328424746274084,-95.04250880873967
29.438987028404117,-95.00067832965615
29.389997293008292,-94.9435241487721
29.35435163830423,-94.96903186556055
29.435668955814243,-95.00834487900451
29.463533478395117,-94.88442824449876
29.37176754247663,-94.99421390228157
29.316289773420394,-94.97148509492283
29.396574829279146,-94.9664915556844
29.36125735870675,-94.97138866407451
29.26579620388711,-94.98433192472166
29.762714904211382,-95.38346587434079
29.829060575431456,-95.42613327903402
29.90913224136748,-95.33087545863853
29.923417910679692,-95.39030161447482
29.872125584201754,-95.3870391822237
29.859991546517566,-95.39215438227052
29.80385015181917,-95.42860082439333
29.898018070734437,-95.40337125503142
29.944247873431657,-95.34671172359963
29.831896507270613,-95.37104909919334
29.827209724631626,-95.44163274050335
29.859662932464083,-95.35858505437365
29.848958279825005,-95.42701002619094
29.880281585660928,-95.34266399328871
29.88047311413869,-95.39489638788024
29.897826549387464,-95.36579136409144
29.89120862907945,-95.39808422735479
29.84912503524029,-95.4667112606656
29.84261090493716,-95.4242390842113
29.873104546205774,-95.33376388106024
29.847840225467515,-95.38376119027919
29.826422962818636,-95.33853305309901
29.787730625576636,-95.44814115610572
29.848000021073005,-95.33483460314058
29.81406271884222,-95.37897439076322
29.757646305835753,-95.34613961257816
29.950319205904197,-95.40332965170758
29.926910802639757,-95.4031853844355
29.707307262661164,-95.43770414273355
29.85340061148353,-95.53492064539094
29.87437537755096,-95.4400091406348
29.83619104721737,-95.4171247033579
29.83648736281169,-95.34231096912761
29.941210152914707,-95.28355615879971
29.91541407986111,-95.41187375164081
29.911794098138596,-95.40822224597454
29.798635083193407,-95.36418257233515
29.790684628006193,-95.39698734620971
29.879852494797266,-95.42962896019652
29.869911126984274,-95.38999210362375
29.820826024890398,-95.32763175425984
29.78911178530223,-95.46688492203043
29.864900309964746,-95.40063531019267
29.90738848864805,-95.38973744451678
29.8199945845668,-95.3302094203799
29.827992863330753,-95.40551123065009
29.833436252974998,-95.39679376554294
29.79724716839643,-95.46467107232071
29.88067160329004,-95.41098531542909
29.88565465825195,-95.38681994343744
29.923084794098255,-95.39389201122349
29.81420492649871,-95.41845742482425
29.81513604430556,-95.46480890940961
29.819107078501744,-95.44174435967375
29.861863109759618,-95.3848856400658
29.77502000524554,-95.35886537057205
29.947816132304283,-95.42978916966689
29.828639859477892,-95.41106170251221
29.903509009038338,-95.42799850484835
29.92843933574933,-95.39499374781269
29.94184026465035,-95.35713510274321
29.81402175381091,-95.34813856737894
29.821406319153887,-95.35324766210675
29.81093141581031,-95.3960003270216
29.963070945835295,-95.34172462394012
29.830133681425217,-95.39505322921714
29.834633020663304,-95.39433815952687
29.986726578004486,-95.42227854022809
29.938014039652376,-95.3279439865524
29.84933987104232,-95.37504945381598
29.87451119651148,-95.39069028475289
29.92668538850549,-95.33450649865495
29.874509682707924,-95.37460274906087
29.90612216432342,-95.38344073019488
29.90469776862946,-95.39501810029363
29.77042575909212,-95.3862171258129
29.921075145488736,-95.42691386566864
29.83280462415222,-95.44561918904517
29.832002900301514,-95.34987928769688
29.98473357537808,-95.3914339804068
29.87307870356694,-95.34862541522705
29.838911563197872,-95.43590789863052
29.8280834533897,-95.40387545564388
29.795060415412397,-95.31605743130358
29.78411281811693,-95.32642434359833
29.893377817220767,-95.43852696648726
29.874770370762157,-95.34237947349767
29.9172799073745,-95.43885600056946
29.828143156909217,-95.48971749585225
29.87689741652248,-95.37550109020282
29.80862581600606,-95.4061720976785
30.00360684546057,-95.48099239400783
29.835842090165524,-95.38064763268154
29.826275825449713,-95.32119575271818
29.79686755785011,-95.41760768338183
29.858749599207673,-95.43159024148073
29.779142944335508,-95.4559072719052
29.798679224824472,-95.3556113141692
29.816752245971948,-95.34297910140236
29.850450396394834,-95.34074991343597
29.911999279726295,-95.32378439847105
29.79376721418441,-95.32210339538995
29.877681539268774,-95.37902348614624
29.925906704225955,-95.39009925605336
29.941011535457797,-95.3101698426406
29.876752844826733,-95.40148507717744
29.906626842173957,-95.32236023618735
29.88983440486152,-95.3902010847887
29.847441382396752,-95.32411079971799
29.85251981391586,-95.3980084697051
29.856814177963102,-95.40400798740234
29.879793177891834,-95.41552502584209
29.795084587640847,-95.41906347249696
29.850740875570047,-95.37810587472033
29.827743401684984,-95.44551952677914
29.84629235446084,-95.35536388998068
29.901660392232777,-95.44893497289696
29.912486383746742,-95.40577151041488
29.834438782367133,-95.40585841820703
29.809246373354206,-95.3861597978577
29.879776095127415,-95.40279328531508
29.84945956684943,-95.34717047146908
29.83294817115661,-95.37170256089826
29.86629088669816,-95.37616214540851
29.88072557752162,-95.37628128020789
29.86955297280254,-95.44928109785843
29.872397350295632,-95.36981568015166
29.87985673502928,-95.29077368075123
29.85922728867114,-95.44175214987935
29.999129579352793,-95.3576419376728
29.79784110815654,-95.3790774967601
29.868768643116105,-95.43325781245784
29.807478191502288,-95.4182877902154
29.842428403086316,-95.38696933100977
29.852003135707484,-95.43326802939613
29.93262036832233,-95.4125784996563
29.873946426276436,-95.38278824466047
29.81692562971662,-95.46026176200928
29.857308199878958,-95.45850940636677
29.89303073761407,-95.40527406989018
29.845492572259666,-95.37080426132785
29.809167027095285,-95.38994268001082
29.868694215807572,-95.36522459237365
29.87450632153234,-95.38619517106304
29.754655406768563,-95.39075005144723
29.800281742497386,-95.367815944684
29.818895523154648,-95.37667257599679
29.84587728319211,-95.35980768358745
29.801449840171816,-95.39150461633938
29.948695016590335,-95.36864613946729
29.9319944432475,-95.42697820274421
29.89728714369611,-95.39674457200525
29.853506779068276,-95.38393591589809
29.862096355825045,-95.46406293240493
29.895865277633998,-95.40377268429462
29.879505030415363,-95.41185028520088
29.86021443242734,-95.37533721854057
29.851728633716853,-95.41274288608588
29.822829919805393,-95.33754238436855
29.858520970337253,-95.39776074507192
29.901830370749884,-95.45727058440549
29.869901132060782,-95.34855721000291
29.777711544601665,-95.42489373811574
29.83000663933142,-95.33633285102393
29.84937575055298,-95.43686756818005
29.81760868250739,-95.38169488250635
29.870318932358842,-95.40518482161684
29.823957108459027,-95.36770499529648
29.857688816607965,-95.37703855666616
29.873066374533263,-95.4292002891773
29.806375144352263,-95.37346989605054
29.858157760635702,-95.41807013015183
29.84683759549318,-95.44707444641263
29.89828089960832,-95.46831199173688
29.92563978979941,-95.42683896586698
29.84130342263417,-95.31755439030393
29.91646208096077,-95.40720206030967
29.902778887836558,-95.32914768039255
29.796047493550706,-95.50311814655605
29.8231202840912,-95.35991940694946
29.878074512726915,-95.39834014204907
29.863804971511822,-95.38561833223045
29.81910550646021,-95.45186739145565
29.913226253514036,-95.33830139720257
29.884974546359594,-95.45823323629907
29.951768634134726,-95.37843674853073
29.82897795748922,-95.41909934269238
29.817403101677762,-95.33809968318869
29.898376884730222,-95.34677214435666
29.835768569210483,-95.39200898487012
29.87328860699262,-95.40201554750936
29.8702106966997,-95.3672022670665
29.825985947014356,-95.4021512369663
29.795122214599065,-95.43595842509686
29.94236701323741,-95.3041564526177
29.765778313560467,-95.36560601453816
29.89390961524217,-95.40712533742722
29.891784960731652,-95.45878015115326
29.867634041264157,-95.50128097838724
29.93251361919875,-95.40965418559506
29.79110234310394,-95.38804786053943
29.91248402386409,-95.3197209074013
29.813441224596296,-95.400263125744
29.909848013099403,-95.40920703463368
29.868169796118824,-95.3753770498465
29.743511010020896,-95.40816429408137
29.922145422530267,-95.4265126077839
29.946348768898304,-95.36648481798527
29.867753884404976,-95.37611324055634
29.902214207938858,-95.37283018308851
29.848104928565608,-95.41424564753385
29.862319393013912,-95.36624852365824
29.771971476639678,-95.36754871155323
29.823068259669913,-95.3841523545478
29.840263560793403,-95.2831899737634
29.783127182685416,-95.42454799950461
29.880811759212502,-95.36230067976906
29.905423371568972,-95.35950910851574
29.875437743462314,-95.44816916662434
29.82670560065449,-95.41572612587422
29.927253653875646,-95.3622153628719
29.90413107747878,-95.34863568697786
29.83578716504776,-95.45554993112495
29.824978707894726,-95.34317743116331
29.91669791672833,-95.48644612307217
29.875052212368892,-95.34332883729144
29.846784259693315,-95.49402443217659
29.866344075433354,-95.47838513577261
29.929524330418342,-95.41598440230433
29.876110106076265,-95.40016296482398
29.813238118473848,-95.44222419076512
29.88365657724035,-95.35679618589789
29.745294606635245,-95.26796094740384
29.870576005712017,-95.3392982677136
29.82917807025111,-95.41147730352908
29.826858385580426,-95.41395708778211
29.861065976229597,-95.35680042505061
29.928293310230906,-95.44353207462589
29.93045516286363,-95.32643138056699
29.796149832692123,-95.45018612552256
29.96654900208236,-95.49507128713208
29.901530895232636,-95.37676632681946
29.845709457298224,-95.27723012983064
29.906286263982356,-95.42696172216976
29.871971578482544,-95.42098901298921
29.809641791731718,-95.35317799052369
29.899645116187212,-95.37876434996659
29.842226190304526,-95.44109136393331
29.788788099585183,-95.40692102383107
29.882766870003387,-95.40420066674868
29.858359124869146,-95.4536415843149
29.914242041919273,-95.31526484246993
29.839400223166894,-95.4413240230626
29.87636549258249,-95.3720271135301
29.850083636086712,-95.37756429300315
29.762871670205097,-95.34336466024958
29.83600717884009,-95.39749351592701
29.729383788151257,-95.38548093992051
29.81459027204333,-95.39281681643314
29.97034998877924,-95.44471471405627
29.84729872976981,-95.5075703564394
29.79799775451508,-95.40995153604754
29.783148681620077,-95.32390363536479
29.875912411577126,-95.41405565173065
29.88670386650723,-95.47094458749314
29.85476122820128,-95.3574755247584
29.915995683319316,-95.43998415352388
29.802381650878374,-95.37430136241898
29.917126264377263,-95.50904425774816
29.699192521587438,-95.42980669403714
29.832930406634386,-95.40628761800227
29.872199188168857,-95.38145819575588
29.921604284634515,-95.46136210156695
29.991175658908364,-95.39883385960833
29.786754827380747,-95.4251521326795
29.851202820542316,-95.44875990641872
29.947253470224297,-95.35579913741996
29.81352705710733,-95.49298159200637
29.903720250219315,-95.43266447573968
29.849274310189816,-95.43010231435811
29.9108459813522,-95.29477256802038
29.88047199935321,-95.36765304335812
29.86553813221025,-95.42572166479953
29.79883176008415,-95.372530299691
29.890288948279952,-95.31911724686604
29.81241018995588,-95.33850856706174
29.88968060725743,-95.46863976461296
29.87924702718275,-95.37589478058713
29.949666897178062,-95.38345648816987
29.754324468502844,-95.42740036149561
29.905959480156625,-95.47085259777589
29.81234070524776,-95.44928549893964
29.76532972519104,-95.35042492856519
29.801145333418717,-95.40277192951534
29.93291087454123,-95.3487932620909
29.824322917891124,-95.36031052228032
29.86054667701465,-95.41933347798854
29.864504051859754,-95.40781245137738
29.78028520438299,-95.40966777557854
29.86383766703212,-95.41461564627241
29.82929102135111,-95.37647907820812
29.85922107629332,-95.27003477456347
29.758600237632344,-95.25113894889118
29.977363944581402,-95.45286360550242
29.759991365510587,-95.52037091017145
29.90237979629714,-95.39382066655813
29.88899421473596,-95.47273373189289
29.819019910770848,-95.37487605177247
29.896402290589233,-95.43888723516032
29.867321707103706,-95.34411290550118
29.86723548162859,-95.40016337012449
29.773913496524358,-95.39623864745863
29.8228476812646,-95.4599325776977
29.81466974999694,-95.25813045327513
29.986923773424298,-95.40153093914927
29.871271188670285,-95.35113711267492
29.828688181903615,-95.39830685917227
29.9941406929619,-95.4164794797789
29.86094188291136,-95.42214638161019
29.855049940747517,-95.3931496327064
29.89025030426705,-95.3856501338216
29.808927611338063,-95.39463605891378
29.799851831378035,-95.3396429819361
29.864573549646718,-95.36902336788383
29.862279418868532,-95.4216581228029
29.83547682634418,-95.45459032262546
29.967834629432577,-95.34310450476585
29.889784111118985,-95.38229966332482
29.955818540815972,-95.45405475208986
29.928363751623102,-95.48819633942821
29.916978698641984,-95.36256206718056
29.81629203161475,-95.36489307594366
29.775315278890368,-95.39402063372215
29.88352467198675,-95.38693700913448
29.838731668634747,-95.35310729015524
29.854571469965844,-95.4357208817733
29.79815427454441,-95.46821243545207
29.84408839410515,-95.34471557668616
29.88287876993463,-95.37876410393238
29.883201936133155,-95.4411854976009
29.744978004161634,-95.4624455632679
29.871511052211094,-95.3719146453503
29.842687879419323,-95.30075557936512
29.886282654517025,-95.37872208435164
29.88300886973028,-95.35041686098484
29.78688937934687,-95.42642226605273
29.877930017945506,-95.38743813720873
29.848212693708,-95.43192277462725
29.806948213011925,-95.33675940397254
29.888592236095906,-95.4013395494667
29.755870841872202,-95.43229155135428
29.84885643624335,-95.40578057261158
29.90081068357208,-95.47703934144427
29.843873239529856,-95.40434333139137
29.951829125035086,-95.39824679310222
29.963260192119332,-95.48430430624539
29.79432853465962,-95.36572381622067
29.83962828751235,-95.37188242096533
29.877293216700473,-95.47946402835352
29.905461230253014,-95.34935241582637
29.807635496665668,-95.36978219301454
29.785494568231385,-95.4033193570706
29.88523846361904,-95.32717670642108
29.926395589018775,-95.37709460378234
29.849490432658598,-95.50721631216403
29.89621654000676,-95.48923158618473
29.87138037648403,-95.39805248713951
29.886184877201313,-95.3151466805343
29.883909562708308,-95.48171766343148
29.779652423499332,-95.39029943400207
29.74172565617828,-95.37727248669843
29.90989884094806,-95.40062515364856
29.908061611118264,-95.37673595795613
29.813282411595676,-95.41870510053536
29.81544664567498,-95.43249311772095
29.974594682900833,-95.36153186671297
29.832027857124015,-95.45469670146986
29.92106955314495,-95.41996572610758
29.75528132095947,-95.3057074797537
29.89704659210832,-95.40675951247746
29.763007243630877,-95.40796587452958
29.880400638071375,-95.34466824426761
29.82022167695625,-95.44189424486915
29.89590595277227,-95.37522541096887
29.94805424300041,-95.32729660984677
29.888155915717867,-95.35473655432112
29.8272041771388,-95.31155895705157
29.83563330277373,-95.37337534445311
29.88275349233497,-95.31367496641101
29.810163175669846,-95.39041291319893
29.86969618716772,-95.45820472595994
29.918333607655796,-95.37300008535786
29.891866673336228,-95.41448924059061
30.18049691211221,-94.82387526940398
30.151636398784262,-94.81768130597693
30.122168762054198,-94.81517688658298
30.104125439034828,-94.75222564719203
30.101916993440028,-94.78705065908218
30.172048622247434,-94.88011361517701
30.18810345640743,-94.74323828198135
30.15146199887621,-94.81752058664412
30.256954146808827,-95.45466054781541
30.304173175218764,-95.52328987579133
30.257910837334055,-95.59925438374977
30.231093254370982,-95.52633743586058
30.16384365347965,-95.53855428307389
30.23349502218687,-95.54973084672213
30.25787112298868,-95.43187762419666
30.257273491628617,-95.54288059679052
30.294205443994787,-95.40697131040609
30.32802611094416,-95.55353335793987
30.310471176652992,-95.55046908919861
30.39774998133249,-95.4860623570521
30.362052328273524,-95.60608567979928
30.378075514909625,-95.56293589023234
30.35399954672837,-95.47867610931677
30.348788530239645,-95.5177311639444
30.26533255068863,-95.488695222394
30.38343827987131,-95.51985579582261
30.37444301022045,-95.55048769862803
30.254268385211777,-95.48751067861888
30.24324515687834,-95.40466743694076
30.284199320076564,-95.45222869565418
30.311037809726596,-95.58323424202888
30.291727517678332,-95.51724907138085
30.29363553088013,-95.45307087033194
30.263208734106577,-95.38449426623475
30.20111577367082,-95.51394896137518
30.321238582915573,-95.45250401491836
30.366806308955912,-95.57236924535887
30.295546349598364,-95.39216629493124
30.29602429759484,-95.51480203874414
30.243234717170917,-95.57158399334133
30.288552272433915,-95.42474983777579
30.282978973437565,-95.59820473721683
30.297853784552288,-95.54535633879891
30.28833228953215,-95.51853627835077
30.32968109176337,-95.40479431517697
30.262354065925567,-95.47941201330804
30.38528184667749,-95.59822507853539
30.300111139324464,-95.48170506334792
30.39484341244545,-95.56533822636851
30.27191678922537,-95.49541350962453
30.174776006723825,-95.4497513831002
30.290975240376735,-95.44724612678036
30.323882442454476,-95.47015501677791
30.273993506629036,-95.58176655527065
30.380196891978027,-95.47846662165749
30.38841608710743,-95.5901376674813
30.287256624597124,-95.45672515761366
30.280246472962173,-95.5271510560799
30.30857273224745,-95.41630206094328
30.3203119143927,-95.55886316942487
30.291616130775296,-95.47815622572116
30.240072342289753,-95.3901166316737
30.01385906758863,-96.01145012699061
30.044385530309505,-95.96217236777959
30.02330067279262,-95.96644597150119
30.113297739527884,-95.90255357623371
29.98169534862997,-96.00599100112764
37.174672726733945,-80.35745239292741
37.15955857358459,-80.40466327501971
37.119091806933085,-80.34519087648498
37.21782712898967,-80.30753888918832
37.19880449761894,-80.44300269032225
37.25856863854576,-80.35080939719649
37.17660489558917,-80.36704479494352
37.16738434910454,-80.42409856146983
37.17892250872409,-80.42338189989245
